<?xml version="1.0" encoding="UTF-8"?><MD_Metadata xmlns:gts="http://www.isotc211.org/2005/gts" xmlns:gco="http://www.isotc211.org/2005/gco" xmlns:xalan="http://xml.apache.org/xalan" xmlns:srv="http://www.isotc211.org/2005/srv" xmlns:gmx="http://www.isotc211.org/2005/gmx" xmlns:xlink="http://www.w3.org/1999/xlink" xmlns:xsi="http://www.w3.org/2001/XMLSchema-instance" xmlns:gml="http://www.opengis.net/gml" xmlns="http://www.isotc211.org/2005/gmd">
    <characterSet>
        <MD_CharacterSetCode codeList="http://www.isotc211.org/2005/resources/Codelist/gmxCodelists.xml#MD_CharacterSetCode" codeListValue="utf8" codeSpace="ISOTC211/19115">utf8</MD_CharacterSetCode>
    </characterSet>
    <hierarchyLevel>
        <MD_ScopeCode codeList="http://www.isotc211.org/2005/resources/Codelist/gmxCodelists.xml#MD_ScopeCode" codeListValue="dataset" codeSpace="ISOTC211/19115">dataset</MD_ScopeCode>
    </hierarchyLevel>
    <hierarchyLevelName>
        <gco:CharacterString>dataset</gco:CharacterString>
    </hierarchyLevelName>
    <contact gco:nilReason="missing"/>
    <dateStamp gco:nilReason="missing"/>
    <metadataStandardName>
        <gco:CharacterString>ISO 19139 Geographic Information - Metadata - Implementation Specification</gco:CharacterString>
    </metadataStandardName>
    <metadataStandardVersion>
        <gco:CharacterString>2007</gco:CharacterString>
    </metadataStandardVersion>
    <identificationInfo>
        <MD_DataIdentification>
            <citation gco:nilReason="missing"/>
            <abstract>
                <gco:CharacterString>This file contains the digital vector boundaries for Local Authority Districts in the United Kingdom as at May 2021. The May release boundaries are based on the draft version of Ordnance Survey's Boundary Line product so may be subject to change.The boundaries available are: Full resolution - extent of the realm (usually this is the Mean Low Water mark but in some cases boundaries extend beyond this to include off shore islands).Contains both Ordnance Survey and ONS Intellectual Property Rights. REST URL of ArcGIS for INSPIRE View Service – https://ons-inspire.esriuk.com/arcgis/rest/services/Administrative_Boundaries/Local_Authority_Districts_May_2021_UK_BFE/MapServer/exts/InspireView REST URL of ArcGIS for INSPIRE Feature Download Service – https://ons-inspire.esriuk.com/arcgis/rest/services/Administrative_Boundaries/Local_Authority_Districts_May_2021_UK_BFE/MapServer/exts/InspireFeatureDownload REST URL of Feature Access Service – https://ons-inspire.esriuk.com/arcgis/rest/services/Administrative_Boundaries/Local_Authority_Districts_May_2021_UK_BFE/FeatureServer</gco:CharacterString>
            </abstract>
            <purpose>
                <gco:CharacterString>Boundaries</gco:CharacterString>
            </purpose>
            <credit>
                <gco:CharacterString>Office for National Statistics</gco:CharacterString>
            </credit>
            <descriptiveKeywords>
                <MD_Keywords>
                    <keyword>
                        <gco:CharacterString>Boundaries</gco:CharacterString>
                    </keyword>
                    <keyword>
                        <gco:CharacterString>Local Authority Districts</gco:CharacterString>
                    </keyword>
                    <keyword>
                        <gco:CharacterString>LAD</gco:CharacterString>
                    </keyword>
                    <keyword>
                        <gco:CharacterString>UK</gco:CharacterString>
                    </keyword>
                    <keyword>
                        <gco:CharacterString>WFS</gco:CharacterString>
                    </keyword>
                    <keyword>
                        <gco:CharacterString>WMS</gco:CharacterString>
                    </keyword>
                    <keyword>
                        <gco:CharacterString>Administrative Boundaries</gco:CharacterString>
                    </keyword>
                    <keyword>
                        <gco:CharacterString>BDY_ADM</gco:CharacterString>
                    </keyword>
                    <keyword>
                        <gco:CharacterString>BDY_LAD</gco:CharacterString>
                    </keyword>
                    <keyword>
                        <gco:CharacterString>MAY_2021</gco:CharacterString>
                    </keyword>
                </MD_Keywords>
            </descriptiveKeywords>
            <descriptiveKeywords>
                <MD_Keywords>
                    <keyword>
                        <gco:CharacterString>Boundaries</gco:CharacterString>
                    </keyword>
                    <keyword>
                        <gco:CharacterString>Local Authority Districts</gco:CharacterString>
                    </keyword>
                    <keyword>
                        <gco:CharacterString>LAD</gco:CharacterString>
                    </keyword>
                    <keyword>
                        <gco:CharacterString>UK</gco:CharacterString>
                    </keyword>
                    <keyword>
                        <gco:CharacterString>WFS</gco:CharacterString>
                    </keyword>
                    <keyword>
                        <gco:CharacterString>WMS</gco:CharacterString>
                    </keyword>
                    <keyword>
                        <gco:CharacterString>Administrative Boundaries</gco:CharacterString>
                    </keyword>
                    <keyword>
                        <gco:CharacterString>BDY_ADM</gco:CharacterString>
                    </keyword>
                    <keyword>
                        <gco:CharacterString>BDY_LAD</gco:CharacterString>
                    </keyword>
                    <keyword>
                        <gco:CharacterString>MAY_2021</gco:CharacterString>
                    </keyword>
                </MD_Keywords>
            </descriptiveKeywords>
            <descriptiveKeywords>
                <MD_Keywords>
                    <keyword>
                        <gco:CharacterString>Boundaries</gco:CharacterString>
                    </keyword>
                    <keyword>
                        <gco:CharacterString>Local Authority Districts</gco:CharacterString>
                    </keyword>
                    <keyword>
                        <gco:CharacterString>LAD</gco:CharacterString>
                    </keyword>
                    <keyword>
                        <gco:CharacterString>UK</gco:CharacterString>
                    </keyword>
                    <keyword>
                        <gco:CharacterString>WFS</gco:CharacterString>
                    </keyword>
                    <keyword>
                        <gco:CharacterString>WMS</gco:CharacterString>
                    </keyword>
                    <keyword>
                        <gco:CharacterString>Administrative Boundaries</gco:CharacterString>
                    </keyword>
                    <keyword>
                        <gco:CharacterString>BDY_ADM</gco:CharacterString>
                    </keyword>
                    <keyword>
                        <gco:CharacterString>BDY_LAD</gco:CharacterString>
                    </keyword>
                    <keyword>
                        <gco:CharacterString>MAY_2021</gco:CharacterString>
                    </keyword>
                </MD_Keywords>
            </descriptiveKeywords>
            <descriptiveKeywords>
                <MD_Keywords>
                    <keyword>
                        <gco:CharacterString>Boundaries</gco:CharacterString>
                    </keyword>
                    <keyword>
                        <gco:CharacterString>Local Authority Districts</gco:CharacterString>
                    </keyword>
                    <keyword>
                        <gco:CharacterString>LAD</gco:CharacterString>
                    </keyword>
                    <keyword>
                        <gco:CharacterString>UK</gco:CharacterString>
                    </keyword>
                    <keyword>
                        <gco:CharacterString>WFS</gco:CharacterString>
                    </keyword>
                    <keyword>
                        <gco:CharacterString>WMS</gco:CharacterString>
                    </keyword>
                    <keyword>
                        <gco:CharacterString>Administrative Boundaries</gco:CharacterString>
                    </keyword>
                    <keyword>
                        <gco:CharacterString>BDY_ADM</gco:CharacterString>
                    </keyword>
                    <keyword>
                        <gco:CharacterString>BDY_LAD</gco:CharacterString>
                    </keyword>
                    <keyword>
                        <gco:CharacterString>MAY_2021</gco:CharacterString>
                    </keyword>
                </MD_Keywords>
            </descriptiveKeywords>
            <descriptiveKeywords>
                <MD_Keywords>
                    <keyword>
                        <gco:CharacterString>Boundaries</gco:CharacterString>
                    </keyword>
                    <keyword>
                        <gco:CharacterString>Local Authority Districts</gco:CharacterString>
                    </keyword>
                    <keyword>
                        <gco:CharacterString>LAD</gco:CharacterString>
                    </keyword>
                    <keyword>
                        <gco:CharacterString>UK</gco:CharacterString>
                    </keyword>
                    <keyword>
                        <gco:CharacterString>WFS</gco:CharacterString>
                    </keyword>
                    <keyword>
                        <gco:CharacterString>WMS</gco:CharacterString>
                    </keyword>
                    <keyword>
                        <gco:CharacterString>Administrative Boundaries</gco:CharacterString>
                    </keyword>
                    <keyword>
                        <gco:CharacterString>BDY_ADM</gco:CharacterString>
                    </keyword>
                    <keyword>
                        <gco:CharacterString>BDY_LAD</gco:CharacterString>
                    </keyword>
                    <keyword>
                        <gco:CharacterString>MAY_2021</gco:CharacterString>
                    </keyword>
                </MD_Keywords>
            </descriptiveKeywords>
            <descriptiveKeywords>
                <MD_Keywords>
                    <keyword>
                        <gco:CharacterString>Boundaries</gco:CharacterString>
                    </keyword>
                    <keyword>
                        <gco:CharacterString>Local Authority Districts</gco:CharacterString>
                    </keyword>
                    <keyword>
                        <gco:CharacterString>LAD</gco:CharacterString>
                    </keyword>
                    <keyword>
                        <gco:CharacterString>UK</gco:CharacterString>
                    </keyword>
                    <keyword>
                        <gco:CharacterString>WFS</gco:CharacterString>
                    </keyword>
                    <keyword>
                        <gco:CharacterString>WMS</gco:CharacterString>
                    </keyword>
                    <keyword>
                        <gco:CharacterString>Administrative Boundaries</gco:CharacterString>
                    </keyword>
                    <keyword>
                        <gco:CharacterString>BDY_ADM</gco:CharacterString>
                    </keyword>
                    <keyword>
                        <gco:CharacterString>BDY_LAD</gco:CharacterString>
                    </keyword>
                    <keyword>
                        <gco:CharacterString>MAY_2021</gco:CharacterString>
                    </keyword>
                </MD_Keywords>
            </descriptiveKeywords>
            <descriptiveKeywords>
                <MD_Keywords>
                    <keyword>
                        <gco:CharacterString>Boundaries</gco:CharacterString>
                    </keyword>
                    <keyword>
                        <gco:CharacterString>Local Authority Districts</gco:CharacterString>
                    </keyword>
                    <keyword>
                        <gco:CharacterString>LAD</gco:CharacterString>
                    </keyword>
                    <keyword>
                        <gco:CharacterString>UK</gco:CharacterString>
                    </keyword>
                    <keyword>
                        <gco:CharacterString>WFS</gco:CharacterString>
                    </keyword>
                    <keyword>
                        <gco:CharacterString>WMS</gco:CharacterString>
                    </keyword>
                    <keyword>
                        <gco:CharacterString>Administrative Boundaries</gco:CharacterString>
                    </keyword>
                    <keyword>
                        <gco:CharacterString>BDY_ADM</gco:CharacterString>
                    </keyword>
                    <keyword>
                        <gco:CharacterString>BDY_LAD</gco:CharacterString>
                    </keyword>
                    <keyword>
                        <gco:CharacterString>MAY_2021</gco:CharacterString>
                    </keyword>
                </MD_Keywords>
            </descriptiveKeywords>
            <descriptiveKeywords>
                <MD_Keywords>
                    <keyword>
                        <gco:CharacterString>Boundaries</gco:CharacterString>
                    </keyword>
                    <keyword>
                        <gco:CharacterString>Local Authority Districts</gco:CharacterString>
                    </keyword>
                    <keyword>
                        <gco:CharacterString>LAD</gco:CharacterString>
                    </keyword>
                    <keyword>
                        <gco:CharacterString>UK</gco:CharacterString>
                    </keyword>
                    <keyword>
                        <gco:CharacterString>WFS</gco:CharacterString>
                    </keyword>
                    <keyword>
                        <gco:CharacterString>WMS</gco:CharacterString>
                    </keyword>
                    <keyword>
                        <gco:CharacterString>Administrative Boundaries</gco:CharacterString>
                    </keyword>
                    <keyword>
                        <gco:CharacterString>BDY_ADM</gco:CharacterString>
                    </keyword>
                    <keyword>
                        <gco:CharacterString>BDY_LAD</gco:CharacterString>
                    </keyword>
                    <keyword>
                        <gco:CharacterString>MAY_2021</gco:CharacterString>
                    </keyword>
                </MD_Keywords>
            </descriptiveKeywords>
            <descriptiveKeywords>
                <MD_Keywords>
                    <keyword>
                        <gco:CharacterString>Boundaries</gco:CharacterString>
                    </keyword>
                    <keyword>
                        <gco:CharacterString>Local Authority Districts</gco:CharacterString>
                    </keyword>
                    <keyword>
                        <gco:CharacterString>LAD</gco:CharacterString>
                    </keyword>
                    <keyword>
                        <gco:CharacterString>UK</gco:CharacterString>
                    </keyword>
                    <keyword>
                        <gco:CharacterString>WFS</gco:CharacterString>
                    </keyword>
                    <keyword>
                        <gco:CharacterString>WMS</gco:CharacterString>
                    </keyword>
                    <keyword>
                        <gco:CharacterString>Administrative Boundaries</gco:CharacterString>
                    </keyword>
                    <keyword>
                        <gco:CharacterString>BDY_ADM</gco:CharacterString>
                    </keyword>
                    <keyword>
                        <gco:CharacterString>BDY_LAD</gco:CharacterString>
                    </keyword>
                    <keyword>
                        <gco:CharacterString>MAY_2021</gco:CharacterString>
                    </keyword>
                </MD_Keywords>
            </descriptiveKeywords>
            <descriptiveKeywords>
                <MD_Keywords>
                    <keyword>
                        <gco:CharacterString>Boundaries</gco:CharacterString>
                    </keyword>
                    <keyword>
                        <gco:CharacterString>Local Authority Districts</gco:CharacterString>
                    </keyword>
                    <keyword>
                        <gco:CharacterString>LAD</gco:CharacterString>
                    </keyword>
                    <keyword>
                        <gco:CharacterString>UK</gco:CharacterString>
                    </keyword>
                    <keyword>
                        <gco:CharacterString>WFS</gco:CharacterString>
                    </keyword>
                    <keyword>
                        <gco:CharacterString>WMS</gco:CharacterString>
                    </keyword>
                    <keyword>
                        <gco:CharacterString>Administrative Boundaries</gco:CharacterString>
                    </keyword>
                    <keyword>
                        <gco:CharacterString>BDY_ADM</gco:CharacterString>
                    </keyword>
                    <keyword>
                        <gco:CharacterString>BDY_LAD</gco:CharacterString>
                    </keyword>
                    <keyword>
                        <gco:CharacterString>MAY_2021</gco:CharacterString>
                    </keyword>
                </MD_Keywords>
            </descriptiveKeywords>
            <resourceConstraints>
                <MD_Constraints>
                    <useLimitation>
                        <gco:CharacterString>https://www.ons.gov.uk/methodology/geography/licences</gco:CharacterString>
                    </useLimitation>
                </MD_Constraints>
            </resourceConstraints>
            <language gco:nilReason="missing"/>
            <characterSet>
                <MD_CharacterSetCode codeList="http://www.isotc211.org/2005/resources/Codelist/gmxCodelists.xml#MD_CharacterSetCode" codeListValue="utf8" codeSpace="ISOTC211/19115">utf8</MD_CharacterSetCode>
            </characterSet>
        </MD_DataIdentification>
    </identificationInfo>
</MD_Metadata>
